[{"img":"//img.ltwebstatic.com/images2_pi/2018/12/03/1543817385967729740_thumbnail_405x552.webp","name":"Glen Plaid Drawstring Ankle Cut Pants","link":"https://au.shein.com/Glen-Plaid-Drawstring-Ankle-Cut-Pants-p-649468-cat-1740.html","price":"AU$14.95"},{"img":"//img.ltwebstatic.com/images3_pi/2021/01/14/16105889127c55e2d0fbc98b4453be40ea76621996_thumbnail_405x552.webp","name":"Solid Straight Leg Pants","link":"https://au.shein.com/Solid-Straight-Leg-Pants-p-2080029-cat-3097.html","price":"AU$17.95"},{"img":"//img.ltwebstatic.com/images3_pi/2021/03/10/161535406107bac77cd359cd02aa8c9e2fad34692e_thumbnail_405x552.webp","name":"Solid Zipper Back Wide Leg Pants","link":"https://au.shein.com/Solid-Zipper-Back-Wide-Leg-Pants-p-2275521-cat-1740.html","price":"AU$15.95"},{"img":"//img.ltwebstatic.com/images3_pi/2021/04/27/161949527766c13280a36d76845c8d54ac13bc663c_thumbnail_405x552.webp","name":"1pc Color-block Carrot Pants","link":"https://au.shein.com/1pc-Color-block-Carrot-Pants-p-2270021-cat-1740.html","price":"AU$10.95"}]